epoch,time,train/box_loss,train/cls_loss,train/dfl_loss,metrics/precision(B),metrics/recall(B),metrics/mAP50(B),metrics/mAP50-95(B),val/box_loss,val/cls_loss,val/dfl_loss,lr/pg0,lr/pg1,lr/pg2
1,161.12,0.67217,1.85155,0.90377,0.98359,0.95763,0.99183,0.88643,0.47395,1.15913,0.84125,0.000415331,0.000415331,0.000415331
2,330.396,0.57404,0.95688,0.88291,0.96534,1,0.99461,0.92619,0.38998,0.66954,0.82385,0.000823761,0.000823761,0.000823761
3,504.046,0.56714,0.70312,0.88811,0.99463,0.99383,0.99481,0.91659,0.39477,0.52902,0.82325,0.00122394,0.00122394,0.00122394
4,700.268,0.52152,0.54988,0.86962,0.99642,0.98902,0.99492,0.92885,0.36259,0.42654,0.82599,0.00121287,0.00121287,0.00121287
5,880.469,0.49339,0.46286,0.86445,0.9832,0.99331,0.98949,0.93283,0.32957,0.35512,0.81724,0.0012005,0.0012005,0.0012005
6,1056.14,0.47358,0.43763,0.86352,0.96256,0.95582,0.99183,0.94373,0.33772,0.38759,0.81632,0.00118812,0.00118812,0.00118812
7,1227.16,0.465,0.40214,0.86151,0.99094,0.99842,0.995,0.95538,0.30458,0.27975,0.81049,0.00117575,0.00117575,0.00117575
8,1416.63,0.45341,0.38064,0.85361,0.99477,0.99949,0.99488,0.95498,0.31003,0.27722,0.80691,0.00116337,0.00116337,0.00116337
9,1595.92,0.43659,0.36275,0.85776,0.99525,1,0.99498,0.9628,0.29876,0.26578,0.81072,0.001151,0.001151,0.001151
10,1768.63,0.42077,0.34419,0.86002,0.98529,0.98885,0.99043,0.94995,0.31703,0.28763,0.81699,0.00113863,0.00113863,0.00113863
11,1950.14,0.41788,0.3458,0.85272,0.99873,0.99842,0.995,0.95181,0.3235,0.24961,0.8317,0.00112625,0.00112625,0.00112625
12,2129.39,0.40751,0.34023,0.84564,0.99232,0.99808,0.995,0.96202,0.29966,0.24025,0.82174,0.00111388,0.00111388,0.00111388
13,2305.29,0.40977,0.33169,0.84626,0.99898,0.99412,0.995,0.95815,0.30098,0.24009,0.81378,0.0011015,0.0011015,0.0011015
14,2500.95,0.39791,0.31927,0.84907,0.99075,0.99545,0.99489,0.96854,0.2816,0.23045,0.80915,0.00108913,0.00108913,0.00108913
15,2768.72,0.3846,0.31131,0.84669,0.99875,1,0.995,0.96333,0.28901,0.21024,0.8279,0.00107675,0.00107675,0.00107675
16,2973.3,0.38212,0.30985,0.84712,0.98359,0.96481,0.99493,0.96198,0.28253,0.26348,0.81866,0.00106437,0.00106437,0.00106437
17,3159.36,0.38953,0.31918,0.84763,0.99802,0.99972,0.995,0.96107,0.28306,0.2188,0.81509,0.001052,0.001052,0.001052
18,3345.47,0.38553,0.301,0.84902,0.99861,1,0.995,0.96848,0.27101,0.21206,0.81497,0.00103962,0.00103962,0.00103962
19,3573.57,0.36701,0.29132,0.84044,0.99365,1,0.995,0.9732,0.25712,0.20245,0.80113,0.00102725,0.00102725,0.00102725
20,3828.71,0.36745,0.29045,0.84216,0.99465,0.99553,0.99498,0.96083,0.29306,0.21395,0.83326,0.00101488,0.00101488,0.00101488
21,4079.48,0.36151,0.28292,0.84129,0.99692,1,0.995,0.97637,0.25458,0.19135,0.8086,0.0010025,0.0010025,0.0010025
22,4335.46,0.34965,0.27354,0.84041,0.97832,0.98812,0.99313,0.96266,0.27547,0.20911,0.81331,0.000990125,0.000990125,0.000990125
23,4635.03,0.35684,0.28186,0.83737,0.99564,1,0.995,0.97191,0.26258,0.194,0.80887,0.00097775,0.00097775,0.00097775
24,12144.8,0.34826,0.27271,0.83925,0.99504,1,0.995,0.9711,0.25621,0.19918,0.80895,0.000965375,0.000965375,0.000965375
25,12381.7,0.34921,0.27014,0.84408,0.99439,1,0.995,0.97066,0.26379,0.19347,0.80996,0.000953,0.000953,0.000953
26,12634.8,0.3463,0.2613,0.84005,0.99572,0.9997,0.99498,0.97506,0.24905,0.18928,0.8067,0.000940625,0.000940625,0.000940625
27,12884.4,0.35151,0.27369,0.8399,0.99741,0.99978,0.995,0.97745,0.24562,0.18601,0.80157,0.00092825,0.00092825,0.00092825
28,13130.9,0.34545,0.26925,0.83747,0.99885,1,0.995,0.97733,0.24792,0.18862,0.80257,0.000915875,0.000915875,0.000915875
29,13385.7,0.34341,0.26683,0.84031,0.99586,1,0.995,0.97442,0.24661,0.18634,0.80658,0.0009035,0.0009035,0.0009035
30,13623.1,0.34192,0.26092,0.83717,0.99853,1,0.995,0.98049,0.23001,0.17772,0.79437,0.000891125,0.000891125,0.000891125
31,13887.8,0.34236,0.26252,0.84117,0.9991,1,0.995,0.97587,0.24508,0.18433,0.80703,0.00087875,0.00087875,0.00087875
32,14126.2,0.33602,0.25545,0.83392,0.99876,1,0.995,0.97809,0.23381,0.16617,0.8086,0.000866375,0.000866375,0.000866375
33,14393.3,0.33149,0.25281,0.83581,0.99256,0.99782,0.995,0.97806,0.24179,0.17539,0.8058,0.000854,0.000854,0.000854
34,14634.1,0.32796,0.24969,0.83024,0.99767,1,0.995,0.97887,0.23512,0.1714,0.80177,0.000841625,0.000841625,0.000841625
35,14889,0.32811,0.24931,0.83375,0.99933,1,0.995,0.98001,0.23494,0.16978,0.79873,0.00082925,0.00082925,0.00082925
36,15129.5,0.32462,0.24381,0.8345,0.99905,1,0.995,0.97968,0.23006,0.16368,0.79755,0.000816875,0.000816875,0.000816875
37,15389.2,0.31952,0.24514,0.82811,0.9957,1,0.9949,0.98172,0.22415,0.16922,0.79784,0.0008045,0.0008045,0.0008045
38,15636.6,0.32234,0.24513,0.83486,0.99903,1,0.995,0.9813,0.2184,0.15908,0.79943,0.000792125,0.000792125,0.000792125
39,15874.1,0.31124,0.23665,0.82926,0.99546,0.99412,0.995,0.97887,0.2266,0.17541,0.80012,0.00077975,0.00077975,0.00077975
40,16136.4,0.31268,0.23137,0.82877,0.99628,1,0.995,0.98051,0.22325,0.16145,0.7971,0.000767375,0.000767375,0.000767375
41,16400,0.31602,0.24857,0.82967,0.99857,1,0.995,0.98213,0.22714,0.16726,0.79835,0.000755,0.000755,0.000755
42,16637.4,0.30849,0.23836,0.83236,0.99906,1,0.995,0.98076,0.21897,0.16314,0.79469,0.000742625,0.000742625,0.000742625
43,16882.5,0.31068,0.23749,0.82771,0.99942,1,0.995,0.9795,0.22791,0.15655,0.79989,0.00073025,0.00073025,0.00073025
44,17120.4,0.31388,0.2345,0.82699,0.99864,1,0.995,0.98208,0.21605,0.15688,0.79424,0.000717875,0.000717875,0.000717875
45,17366.5,0.30871,0.23452,0.83053,0.99855,1,0.995,0.98058,0.22124,0.16154,0.79999,0.0007055,0.0007055,0.0007055
46,17604,0.30273,0.22839,0.83063,0.99549,1,0.995,0.98049,0.21346,0.15226,0.79648,0.000693125,0.000693125,0.000693125
47,17855.5,0.29474,0.2222,0.8259,0.99922,1,0.995,0.97941,0.21924,0.1491,0.80869,0.00068075,0.00068075,0.00068075
48,18114.2,0.29385,0.22181,0.8258,0.99809,1,0.995,0.97955,0.21745,0.15364,0.80159,0.000668375,0.000668375,0.000668375
49,18387.2,0.29941,0.22521,0.83,0.99946,1,0.995,0.98171,0.21159,0.14796,0.79381,0.000656,0.000656,0.000656
50,18635.4,0.29417,0.21803,0.82744,0.99897,1,0.995,0.98119,0.20886,0.14525,0.79608,0.000643625,0.000643625,0.000643625
51,18883.4,0.28721,0.21311,0.82441,0.99847,1,0.995,0.98132,0.20986,0.14775,0.79496,0.00063125,0.00063125,0.00063125
52,19141.1,0.29099,0.21699,0.82622,0.99841,0.99995,0.995,0.98154,0.2044,0.14648,0.79444,0.000618875,0.000618875,0.000618875
53,19380.7,0.2927,0.21854,0.8227,0.9996,1,0.995,0.98342,0.20352,0.14589,0.79384,0.0006065,0.0006065,0.0006065
54,19645.8,0.28724,0.21682,0.82406,0.99941,1,0.995,0.98031,0.21239,0.14643,0.79964,0.000594125,0.000594125,0.000594125
55,19886.9,0.2894,0.21448,0.82534,0.99899,1,0.995,0.98384,0.19844,0.14338,0.78709,0.00058175,0.00058175,0.00058175
56,20124.8,0.28522,0.21344,0.82382,0.9993,1,0.995,0.98331,0.19905,0.14027,0.79238,0.000569375,0.000569375,0.000569375
57,20362.3,0.28383,0.21097,0.82571,0.99918,1,0.995,0.98433,0.20142,0.14222,0.79017,0.000557,0.000557,0.000557
58,20600.6,0.2722,0.20157,0.82102,0.99944,1,0.995,0.98153,0.19747,0.13636,0.79296,0.000544625,0.000544625,0.000544625
59,20844,0.27494,0.2079,0.81957,0.99949,1,0.995,0.98491,0.19993,0.14136,0.7904,0.00053225,0.00053225,0.00053225
60,21082.7,0.28027,0.21149,0.82168,0.99945,1,0.995,0.98535,0.19212,0.14464,0.78782,0.000519875,0.000519875,0.000519875
61,21332.9,0.27377,0.20443,0.81971,0.99874,1,0.995,0.98188,0.19929,0.13897,0.79298,0.0005075,0.0005075,0.0005075
62,21600.3,0.26659,0.19845,0.81774,0.9989,1,0.995,0.98173,0.19571,0.13624,0.79006,0.000495125,0.000495125,0.000495125
63,21851.1,0.27127,0.20385,0.82601,0.99869,1,0.995,0.98462,0.18909,0.13153,0.79075,0.00048275,0.00048275,0.00048275
64,22088.8,0.27157,0.1957,0.82547,0.99688,1,0.99497,0.98182,0.1939,0.13245,0.79285,0.000470375,0.000470375,0.000470375
65,22327.7,0.26216,0.19604,0.81721,0.99894,1,0.995,0.98007,0.19482,0.13404,0.79467,0.000458,0.000458,0.000458
66,22593.5,0.2746,0.20477,0.82105,0.99884,1,0.995,0.98343,0.19443,0.13485,0.78964,0.000445625,0.000445625,0.000445625
67,22840.6,0.26331,0.19935,0.81953,0.99911,1,0.995,0.98254,0.19216,0.1303,0.78931,0.00043325,0.00043325,0.00043325
68,23097.6,0.26261,0.19481,0.81896,0.99899,1,0.995,0.98451,0.18757,0.12982,0.78984,0.000420875,0.000420875,0.000420875
69,23377.6,0.25909,0.1932,0.81788,0.99889,1,0.995,0.98261,0.1907,0.12926,0.78929,0.0004085,0.0004085,0.0004085
70,23637.6,0.25821,0.19454,0.81641,0.99918,1,0.995,0.98428,0.18226,0.13071,0.78719,0.000396125,0.000396125,0.000396125
71,23875.8,0.25798,0.19016,0.81902,0.99879,1,0.995,0.98441,0.185,0.13031,0.78913,0.00038375,0.00038375,0.00038375
72,24118.6,0.26079,0.19436,0.81984,0.99905,1,0.995,0.98358,0.18729,0.12414,0.7926,0.000371375,0.000371375,0.000371375
73,24371,0.25908,0.19009,0.81838,0.99684,1,0.9949,0.9848,0.18552,0.12469,0.79227,0.000359,0.000359,0.000359
74,24628.1,0.25689,0.19095,0.82003,0.9989,1,0.995,0.98229,0.1916,0.13079,0.79289,0.000346625,0.000346625,0.000346625
75,24872.2,0.24788,0.18212,0.81615,0.99787,1,0.995,0.98001,0.19809,0.12718,0.80436,0.00033425,0.00033425,0.00033425
76,25124.6,0.25182,0.18642,0.81816,0.99613,0.99984,0.99498,0.9826,0.18836,0.12488,0.79325,0.000321875,0.000321875,0.000321875
77,25389.3,0.25554,0.18995,0.81899,0.99912,1,0.995,0.98181,0.18597,0.12318,0.79532,0.0003095,0.0003095,0.0003095
78,25644.8,0.2452,0.1832,0.81953,0.9991,1,0.995,0.98118,0.18547,0.12128,0.79923,0.000297125,0.000297125,0.000297125
79,25886.6,0.24432,0.1805,0.81662,0.99695,1,0.995,0.98218,0.18628,0.12342,0.79428,0.00028475,0.00028475,0.00028475
80,26151.9,0.24579,0.18154,0.81617,0.99898,1,0.995,0.98584,0.17528,0.11844,0.78599,0.000272375,0.000272375,0.000272375
81,26404.5,0.24318,0.17795,0.81644,0.99895,1,0.995,0.98402,0.17891,0.11841,0.78963,0.00026,0.00026,0.00026
82,26647.2,0.23866,0.17378,0.81158,0.99926,1,0.995,0.98439,0.17313,0.11695,0.7872,0.000247625,0.000247625,0.000247625
83,26932.2,0.24017,0.17591,0.80992,0.99889,1,0.995,0.9832,0.17632,0.11537,0.79021,0.00023525,0.00023525,0.00023525
84,27199.3,0.23472,0.17158,0.81033,0.99942,1,0.995,0.98394,0.1766,0.11716,0.78932,0.000222875,0.000222875,0.000222875
85,27436.6,0.23644,0.17384,0.81207,0.99419,1,0.995,0.98473,0.1754,0.11695,0.79038,0.0002105,0.0002105,0.0002105
86,27673.7,0.2375,0.17401,0.81284,0.99753,1,0.995,0.98519,0.17441,0.1141,0.7885,0.000198125,0.000198125,0.000198125
87,27938.2,0.2302,0.16866,0.81078,0.99934,1,0.995,0.98426,0.17089,0.11264,0.78722,0.00018575,0.00018575,0.00018575
88,28193.1,0.23317,0.16945,0.81608,0.99932,1,0.995,0.98448,0.17203,0.11386,0.78853,0.000173375,0.000173375,0.000173375
89,28430.7,0.22713,0.16708,0.81145,0.99929,1,0.995,0.98454,0.17425,0.10987,0.7883,0.000161,0.000161,0.000161
90,28668.7,0.23398,0.16876,0.81095,0.9993,1,0.995,0.98396,0.17376,0.11135,0.79015,0.000148625,0.000148625,0.000148625
91,28938.3,0.16375,0.12433,0.7607,0.99282,1,0.995,0.98328,0.17845,0.11809,0.79152,0.00013625,0.00013625,0.00013625
92,29173.2,0.1618,0.1217,0.76254,0.99577,1,0.995,0.98579,0.17252,0.11401,0.7883,0.000123875,0.000123875,0.000123875
93,29420,0.1572,0.11835,0.76626,0.99721,1,0.995,0.98333,0.17377,0.1133,0.79081,0.0001115,0.0001115,0.0001115
94,29690,0.15747,0.119,0.76365,0.99881,1,0.995,0.98417,0.17196,0.10872,0.78823,9.9125e-05,9.9125e-05,9.9125e-05
95,29927.6,0.15198,0.11489,0.76021,0.99886,1,0.995,0.98447,0.17059,0.10888,0.78836,8.675e-05,8.675e-05,8.675e-05
96,30156.4,0.15009,0.1144,0.76048,0.99929,1,0.995,0.98387,0.17239,0.10779,0.78906,7.4375e-05,7.4375e-05,7.4375e-05
97,30383.5,0.14895,0.11422,0.75873,0.99925,1,0.995,0.98373,0.1717,0.10809,0.78907,6.2e-05,6.2e-05,6.2e-05
98,30633.9,0.14653,0.11165,0.76068,0.9994,1,0.995,0.98333,0.17147,0.1078,0.7894,4.9625e-05,4.9625e-05,4.9625e-05
99,30878.5,0.14889,0.11252,0.76089,0.9994,1,0.995,0.98385,0.17116,0.10696,0.78916,3.725e-05,3.725e-05,3.725e-05
100,31106.5,0.14457,0.10955,0.76663,0.99943,1,0.995,0.98356,0.17056,0.10728,0.78915,2.4875e-05,2.4875e-05,2.4875e-05
